,ID,name,category,main_category,currency,deadline,goal,launched,pledged,state,backers,country
0,1000002330,The Songs of Adelaide & Abullah,Poetry,Publishing,GBP,2015-10-09,1000.0,2015-08-11 12:12:28,0.0,failed,0,GB
1,1000003930,Greeting From Earth: ZGAC Arts Capsule For ET,Narrative Film,Film & Video,USD,2017-11-01,30000.0,2017-09-02 04:43:57,2421.0,failed,15,US
2,1000004038,Where is Hank?,Narrative Film,Film & Video,USD,2013-02-26,45000.0,2013-01-12 00:20:50,220.0,failed,3,US
3,1000007540,ToshiCapital Rekordz Needs Help to Complete Album,Music,Music,USD,2012-04-16,5000.0,2012-03-17 03:24:11,1.0,failed,1,US
4,1000011046,Community Film Project: The Art of Neighborhood Filmmaking,Film & Video,Film & Video,USD,2015-08-29,19500.0,2015-07-04 08:35:03,1283.0,canceled,14,US
5,1000014025,Monarch Espresso Bar,Restaurants,Food,USD,2016-04-01,50000.0,2016-02-26 13:38:27,52375.0,successful,224,US
6,1000023410,Support Solar Roasted Coffee & Green Energy!  SolarCoffee.co,Food,Food,USD,2014-12-21,1000.0,2014-12-01 18:30:44,1205.0,successful,16,US
7,1000030581,Chaser Strips. Our Strips make Shots their B*tch!,Drinks,Food,USD,2016-03-17,25000.0,2016-02-01 20:05:12,453.0,failed,40,US
8,1000034518,SPIN - Premium Retractable In-Ear Headphones with Mic,Product Design,Design,USD,2014-05-29,125000.0,2014-04-24 18:14:43,8233.0,canceled,58,US
9,100004195,STUDIO IN THE SKY - A Documentary Feature Film (Canceled),Documentary,Film & Video,USD,2014-08-10,65000.0,2014-07-11 21:55:48,6240.57,canceled,43,US
10,100004721,Of Jesus and Madmen,Nonfiction,Publishing,CAD,2013-10-09,2500.0,2013-09-09 18:19:37,0.0,failed,0,CA
11,100005484,Lisa Lim New CD!,Indie Rock,Music,USD,2013-04-08,12500.0,2013-03-09 06:42:58,12700.0,successful,100,US
12,1000055792,The Cottage Market,Crafts,Crafts,USD,2014-10-02,5000.0,2014-09-02 17:11:50,0.0,failed,0,US
13,1000056157,G-Spot Place for Gamers to connect with eachother & go pro!,Games,Games,USD,2016-03-25,200000.0,2016-02-09 23:01:12,0.0,failed,0,US
14,1000057089,Tombstone: Old West tabletop game and miniatures in 32mm.,Tabletop Games,Games,GBP,2017-05-03,5000.0,2017-04-05 19:44:18,94175.0,successful,761,GB
15,1000064368,Survival Rings,Design,Design,USD,2015-02-28,2500.0,2015-01-29 02:10:53,664.0,failed,11,US
16,1000064918,The Beard,Comic Books,Comics,USD,2014-11-08,1500.0,2014-10-09 22:27:52,395.0,failed,16,US
17,1000068480,Notes From London: Above & Below,Art Books,Publishing,USD,2015-05-10,3000.0,2015-04-10 21:20:54,789.0,failed,20,US
18,1000070642,Mike Corey's Darkness & Light Album,Music,Music,USD,2012-08-17,250.0,2012-08-02 14:11:32,250.0,successful,7,US
19,1000071625,Boco Tea,Food,Food,USD,2012-06-02,5000.0,2012-05-03 17:24:32,1781.0,failed,40,US
20,1000072011,CMUK. Shoes: Take on Life Feet First.,Fashion,Fashion,USD,2013-12-30,20000.0,2013-11-25 07:06:11,34268.0,successful,624,US
21,1000081649,MikeyJ clothing brand fundraiser,Childrenswear,Fashion,AUD,2017-09-07,2500.0,2017-08-08 01:20:20,1.0,failed,1,AU
22,1000082254,Alice in Wonderland in G Minor,Theater,Theater,USD,2014-06-15,3500.0,2014-05-16 10:10:38,650.0,failed,12,US
23,1000087442,Mountain brew: A quest for alcohol sustainability,Drinks,Food,NOK,2015-02-25,500.0,2015-01-26 19:17:33,48.0,failed,3,NO
24,1000091520,The Book Zoo - A Mini-Comic,Comics,Comics,USD,2014-11-12,175.0,2014-10-23 17:15:50,701.66,successful,66,US
25,1000102741,Matt Cavenaugh & Jenny Powers make their 1st album! ,Music,Music,USD,2011-01-06,10000.0,2010-12-07 23:16:50,15827.0,successful,147,US
26,1000103948,Superhero Teddy Bear,DIY,Crafts,GBP,2016-01-05,12000.0,2015-12-06 20:09:06,0.0,failed,0,GB
27,1000104688,Permaculture Skills,Webseries,Film & Video,CAD,2014-12-14,17757.0,2014-11-14 18:02:00,48905.0,successful,571,CA
28,1000104953,Rebel Army Origins: The Heroic Story Of Major Gripes,Comics,Comics,GBP,2016-01-28,100.0,2015-12-29 16:59:29,112.38,successful,27,GB
29,100011318,My Moon - Animated Short Film,Animation,Film & Video,USD,2017-05-03,50000.0,2017-04-03 17:11:33,57577.31,successful,840,US
30,1000115172,Daily Brew Coffee,Food Trucks,Food,GBP,2015-03-31,3500.0,2015-03-01 18:06:32,21.0,failed,1,GB
31,1000117861,Ledr workbook: one tough journal!,Product Design,Design,USD,2016-10-08,1000.0,2016-09-07 13:14:26,47266.0,successful,549,US
32,1000120151,Feather Cast Furled Fly Fishing Leaders,Product Design,Design,AUD,2015-08-22,2000.0,2015-07-23 03:09:43,2000.0,successful,18,AU
33,1000120287,BB130A,Public Art,Art,USD,2013-03-24,25000.0,2013-02-12 01:07:28,1395.0,failed,30,US
34,100012079,Chris Eger Band - New Nashville Record!,Music,Music,USD,2014-08-13,12000.0,2014-07-14 22:35:51,13260.0,successful,92,US
35,1000129669,Squatch Watchers,Webseries,Film & Video,USD,2013-08-23,10000.0,2013-07-24 21:40:13,1373.37,failed,54,US
36,1000131947,Arrows & Sound Debut Album,Indie Rock,Music,USD,2012-05-19,4000.0,2012-04-19 01:04:31,8641.34,successful,157,US
37,1000132945,Zen in America: a film on Zen Buddhism in North America,Documentary,Film & Video,USD,2013-10-21,10000.0,2013-09-21 23:00:54,15663.0,successful,213,US
38,1000134913,Galaxy: Winnie and Friends,Illustration,Art,USD,2016-01-27,3000.0,2015-12-23 21:47:29,17.0,failed,2,US
39,1000146991,Help Scott Reynolds Make a New Record!,Indie Rock,Music,USD,2012-09-02,15000.0,2012-08-03 18:43:16,17499.99,successful,277,US
40,1000149007,Unschooling To University Book Project,Nonfiction,Publishing,CAD,2018-01-19,3000.0,2017-11-20 18:15:14,592.0,live,24,CA
41,1000153208,Phil Younger - Slow Down (Official Music Video),Music,Music,USD,2016-12-20,2100.0,2016-12-09 20:27:02,2100.0,successful,34,US
42,1000160286,"""THE RETURN"" book project",Photography,Photography,USD,2013-12-13,15000.0,2013-11-13 00:34:20,23907.0,successful,232,US
43,1000170964,Penny Bingo Playing Card Game fun for the whole family!,Tabletop Games,Games,USD,2017-03-27,1500.0,2017-03-02 04:01:43,856.0,failed,25,US
44,1000171141,"The Please, Please Me: Studio Premiere",Pop,Music,USD,2012-09-01,10000.0,2012-07-15 03:27:33,12656.0,successful,181,US
45,1000182258,WE ARE ONE: STREET MUSIC OF NEW ORLEANS,Documentary,Film & Video,USD,2013-10-01,2500.0,2013-08-27 20:17:27,0.0,failed,0,US
46,1000183112,Hot Chicken Takes Over.,Restaurants,Food,USD,2014-10-16,40000.0,2014-09-16 02:31:08,63401.0,successful,855,US
47,1000184224,Star and the Snowman,Narrative Film,Film & Video,USD,2013-02-23,8000.0,2013-01-24 06:04:05,9401.0,successful,154,US
48,1000190427,Seas of Iron,Tabletop Games,Games,USD,2013-07-19,3000.0,2013-06-19 03:16:33,8105.0,successful,218,US
49,1000197321,(In)visible Empire Tees,Public Art,Art,USD,2016-01-02,1200.0,2015-11-22 22:47:44,90.0,failed,4,US
50,1000201265,I'LL SEE YOU IN MY DREAMS - narrative feature film,Narrative Film,Film & Video,USD,2014-02-05,60000.0,2014-01-11 00:57:14,61365.16,successful,632,US
51,100020143,H2O The Underwater Portraits,People,Photography,USD,2017-10-30,9500.0,2017-09-25 17:17:43,6.0,failed,2,US
52,1000202062,SkateFrames-Photo frame made from recycled skateboard wood,Art,Art,USD,2015-05-08,7500.0,2015-04-08 02:53:18,3.0,failed,3,US
53,1000212914,A Teacher's Travels in China,Photography,Photography,USD,2012-05-13,4000.0,2012-04-18 23:34:56,4866.17,successful,71,US
54,1000216800,Mothers Into Living Fit Yoga DVD for Moms and Babies,Family,Film & Video,USD,2014-06-19,11000.0,2014-05-20 17:18:29,11055.0,successful,51,US
55,1000217634,Mobile barbecue & catering trailer,Food Trucks,Food,USD,2014-10-23,13750.0,2014-09-24 03:35:33,1.0,failed,1,US
56,1000226576,Following the Call - A Novel,Fiction,Publishing,USD,2016-02-01,13500.0,2016-01-02 08:06:07,0.0,failed,0,US
57,1000227361,UNDERWATER,Film & Video,Film & Video,USD,2012-03-26,9500.0,2012-02-13 19:00:37,9660.0,successful,121,US
58,1000230071,The Fanalyzers: Views from the Stands,Webseries,Film & Video,USD,2013-10-18,60000.0,2013-09-18 20:20:00,635.0,failed,5,US
59,1000232288,Empires at Sea,Tabletop Games,Games,USD,2015-06-23,25000.0,2015-05-24 12:47:52,37199.0,successful,448,US
60,1000233415,Teachers In The Sky,Documentary,Film & Video,USD,2016-06-18,250000.0,2016-04-19 23:53:22,65.0,failed,2,US
61,1000234595,Fashion removeable decoration jewel accessory hells shoes,Accessories,Fashion,EUR,2016-10-13,12000.0,2016-09-13 11:59:57,137.0,failed,2,IT
62,1000235465,TO RUSSIA WITH LOVE AND SIMON,Art,Art,USD,2016-06-22,5000.0,2016-05-23 18:10:04,587.0,failed,8,US
63,1000235643,HIIT Bottle™,Drinks,Food,USD,2015-04-27,15000.0,2015-03-13 18:33:08,124998.0,successful,2784,US
64,1000243793,"""JurassicJurassix"" by The Guilt",Rock,Music,USD,2015-04-09,850.0,2015-02-23 00:10:28,485.0,failed,13,US
65,1000245024,Safer Home,Hardware,Technology,CAD,2015-07-03,50000.0,2015-06-03 05:52:43,0.0,failed,0,CA
66,1000252415,"Pantochino Productions: ""Cinderella Skeleton, the Musical""",Theater,Theater,USD,2011-07-08,15000.0,2011-05-09 15:08:51,15425.0,successful,144,US
67,1000256230,Shreddit - Privacy on Reddit,Software,Technology,GBP,2017-07-02,2000.0,2017-06-02 12:20:21,0.0,failed,0,GB
68,1000256760,"Raise the Woof, expanding the love (Canceled)",Design,Design,CAD,2015-08-07,15000.0,2015-07-08 21:46:53,700.0,canceled,6,CA
69,1000257563,"""Flying"" Carpets from Azerbaijan, Iran and Turkey/Anatolia",Weaving,Crafts,GBP,2015-04-29,5000.0,2015-03-30 19:55:31,2.0,failed,1,GB
70,1000260691,Gizbee™ Unlimited Removable Storage for Your Travel Photos,Gadgets,Technology,USD,2016-03-25,87000.0,2016-02-29 20:30:27,2030.0,canceled,15,US
71,1000261018,Diposta - liberating people from their postal mailbox.,Web,Technology,USD,2016-08-23,100000.0,2016-07-24 13:18:36,141.0,failed,3,US
72,1000268182,My Future Just Passed - Debut CD - Jazz Trio,Jazz,Music,USD,2014-12-03,4000.0,2014-11-03 21:11:44,4795.0,successful,95,US
73,1000278154,"Loot and Recruit - A quirky, combative, deck building game",Tabletop Games,Games,USD,2015-04-10,13000.0,2015-03-10 13:19:18,2453.0,canceled,65,US
74,1000282287,Babe Ruth's Family Kitchen - Gourmet Hot Dogs and Condiments,Food,Food,USD,2015-10-13,25000.0,2015-09-08 00:59:36,0.0,canceled,0,US
75,1000291122,VOTE (anyone but) TRUMP Candle,Product Design,Design,GBP,2016-08-24,500.0,2016-07-12 17:31:42,218.0,failed,6,GB
76,1000291263,"""It's Complicated"" by Ariana Salome",Ready-to-wear,Fashion,USD,2016-06-09,68000.0,2016-05-10 22:52:00,0.0,failed,0,US
77,1000294559,Secular Solstice 2014,Festivals,Theater,USD,2014-10-27,7500.0,2014-10-02 01:50:58,8157.01,successful,164,US
78,1000320473,Uncommon Rhythm - Season One,Film & Video,Film & Video,USD,2013-09-13,29700.0,2013-08-15 11:16:24,10410.0,failed,76,US
79,1000328150,Legacy of Svarog | a Unique 3D Action RPG and Adventure Game,Video Games,Games,USD,2015-10-30,50000.0,2015-08-31 06:33:31,1410.0,failed,38,US
80,1000328328,ANVIL Beard,Fashion,Fashion,GBP,2015-02-06,2000.0,2014-12-15 19:13:37,61.0,failed,9,GB
81,1000331311,AWE - Antediluvian Wars: Extermination Tactical Card Game,Tabletop Games,Games,USD,2014-08-31,13000.0,2014-08-01 00:02:17,1811.0,failed,34,US
82,1000332383,Road to the Shire,Documentary,Film & Video,USD,2012-02-14,4000.0,2012-01-11 20:13:55,4045.0,successful,29,US
83,1000333671,Spiral Electric Skylab Recording,Rock,Music,USD,2015-02-26,500.0,2015-02-04 18:54:23,1540.0,successful,31,US
84,1000334074,The Locals Only Shirt,Fashion,Fashion,USD,2012-05-18,500.0,2012-05-01 07:11:25,754.82,successful,36,US
85,1000335422,"""Where is Home?"" Anthology",Anthologies,Comics,CAD,2014-07-10,4000.0,2014-06-10 00:09:47,4944.5,successful,153,CA
86,1000338818,"Diet! No thanks, I'd rather lose weight",Publishing,Publishing,EUR,2016-10-30,10000.0,2016-08-31 18:13:01,88.0,failed,9,DE
87,1000339877,The Onrust Project and Two Row Treaty of 1613,Theater,Theater,USD,2013-06-16,5000.0,2013-04-17 00:58:02,110.0,failed,2,US
88,1000340977,My Coffee Box,Drinks,Food,USD,2014-06-16,3000.0,2014-05-17 22:43:36,1027.0,failed,18,US
89,1000344383,¿Tu Sabes? (You Know?) a music collaboration by Daya & Edu,Music,Music,USD,2012-12-13,4500.0,2012-10-30 08:53:03,409.0,failed,10,US
90,1000348690,The Silence of Hollowind - Urban Fantasy RPG,Tabletop Games,Games,EUR,2017-11-23,5000.0,2017-10-24 16:58:01,11238.0,successful,346,IT
91,1000348776,P/O/V Comic and Literary Anthology,Comics,Comics,USD,2012-03-06,4289.0,2012-01-21 18:25:26,474.0,failed,14,US
92,1000354338,"""Little Shop of Horrors"" at the Browncoat Theatre!",Theater,Theater,USD,2012-08-14,2000.0,2012-06-30 20:05:26,2075.0,successful,40,US
93,10003650,Glyscian Debut Album Recording (Canceled),Rock,Music,USD,2012-05-26,15000.0,2012-03-27 04:25:46,151.0,canceled,4,US
94,1000374001,The Dark Waters Project,Indie Rock,Music,USD,2013-04-07,10000.0,2013-02-20 01:48:42,10414.0,successful,113,US
95,1000386601,Los Angeles International Student Film Festival,Film & Video,Film & Video,USD,2014-04-03,1500.0,2014-03-04 17:24:51,1932.99,successful,29,US
96,1000389241,Bob Contemplates Ending It All,Shorts,Film & Video,USD,2014-01-27,3000.0,2013-12-18 20:54:02,3755.0,successful,52,US
97,1000392220,The Girls Bathroom,Webseries,Film & Video,USD,2011-07-31,2000.0,2011-07-06 16:35:45,2252.99,successful,45,US
98,100039820,Best Spray Bottle Ever - SureShot,Gadgets,Technology,CAD,2015-03-07,25000.0,2015-02-05 16:57:21,3.0,failed,3,CA
99,1000399155,New Lasagna,Restaurants,Food,USD,2014-10-17,5000.0,2014-08-18 11:13:15,0.0,failed,0,US
